city,zcta,cases_per_100k,tests_per_100k,pct_positive,hosp_per_100k,deaths_per_100k,date_of_access,source,geo_level
Austin,78617,21572.762,,,,,2022-06-10,LHD,city
Austin,78652,29717.157,,,,,2022-06-10,LHD,city
Austin,78653,33549.953,,,,,2022-06-10,LHD,city
Austin,78660,28204.819,,,,,2022-06-10,LHD,city
Austin,78701,23488.201,,,,,2022-06-10,LHD,city
Austin,78702,26576.824,,,,,2022-06-10,LHD,city
Austin,78703,18645.563,,,,,2022-06-10,LHD,city
Austin,78704,21123.785,,,,,2022-06-10,LHD,city
Austin,78705,17838.432,,,,,2022-06-10,LHD,city
Austin,78712,17386.364,,,,,2022-06-10,LHD,city
Austin,78717,1490.687,,,,,2022-06-10,LHD,city
Austin,78719,32475.132,,,,,2022-06-10,LHD,city
Austin,78721,22865.4,,,,,2022-06-10,LHD,city
Austin,78722,20208.914,,,,,2022-06-10,LHD,city
Austin,78723,17970.609,,,,,2022-06-10,LHD,city
Austin,78724,28285.97,,,,,2022-06-10,LHD,city
Austin,78725,39060.102,,,,,2022-06-10,LHD,city
Austin,78726,17336.182,,,,,2022-06-10,LHD,city
Austin,78727,15853.539,,,,,2022-06-10,LHD,city
Austin,78728,22158.58,,,,,2022-06-10,LHD,city
Austin,78729,3529.535,,,,,2022-06-10,LHD,city
Austin,78730,13414.261,,,,,2022-06-10,LHD,city
Austin,78731,15828.998,,,,,2022-06-10,LHD,city
Austin,78732,17142.857,,,,,2022-06-10,LHD,city
Austin,78733,14842.612,,,,,2022-06-10,LHD,city
Austin,78735,21978.81,,,,,2022-06-10,LHD,city
Austin,78736,16294.401,,,,,2022-06-10,LHD,city
Austin,78739,14866.92,,,,,2022-06-10,LHD,city
Austin,78741,21328.242,,,,,2022-06-10,LHD,city
Austin,78742,22435.175,,,,,2022-06-10,LHD,city
Austin,78744,27330.766,,,,,2022-06-10,LHD,city
Austin,78745,19385.53,,,,,2022-06-10,LHD,city
Austin,78746,16967.282,,,,,2022-06-10,LHD,city
Austin,78747,26749.441,,,,,2022-06-10,LHD,city
Austin,78748,22081.97,,,,,2022-06-10,LHD,city
Austin,78749,16942.247,,,,,2022-06-10,LHD,city
Austin,78750,10080.671,,,,,2022-06-10,LHD,city
Austin,78751,18182.379,,,,,2022-06-10,LHD,city
Austin,78752,17738.614,,,,,2022-06-10,LHD,city
Austin,78753,18649.257,,,,,2022-06-10,LHD,city
Austin,78754,23364.733,,,,,2022-06-10,LHD,city
Austin,78756,17529.331,,,,,2022-06-10,LHD,city
Austin,78757,16389.17,,,,,2022-06-10,LHD,city
Austin,78758,21170.371,,,,,2022-06-10,LHD,city
Austin,78759,15284.771,,,,,2022-06-10,LHD,city
Baltimore,21201,20022.021,,,,,2022-06-14,LHD,city
Baltimore,21202,26827.029,,,,,2022-06-14,LHD,city
Baltimore,21205,20844.88,,,,,2022-06-14,LHD,city
Baltimore,21206,20288.351,,,,,2022-06-14,LHD,city
Baltimore,21207,19068.178,,,,,2022-06-14,LHD,city
Baltimore,21209,20322.159,,,,,2022-06-14,LHD,city
Baltimore,21210,10358.13,,,,,2022-06-14,LHD,city
Baltimore,21211,17018.937,,,,,2022-06-14,LHD,city
Baltimore,21212,16735.964,,,,,2022-06-14,LHD,city
Baltimore,21213,21198.439,,,,,2022-06-14,LHD,city
Baltimore,21214,16524.869,,,,,2022-06-14,LHD,city
Baltimore,21215,20081.327,,,,,2022-06-14,LHD,city
Baltimore,21216,19145.764,,,,,2022-06-14,LHD,city
Baltimore,21217,17483.058,,,,,2022-06-14,LHD,city
Baltimore,21218,17520.765,,,,,2022-06-14,LHD,city
Baltimore,21223,19498.035,,,,,2022-06-14,LHD,city
Baltimore,21224,21823.563,,,,,2022-06-14,LHD,city
Baltimore,21225,18793.47,,,,,2022-06-14,LHD,city
Baltimore,21226,19561.389,,,,,2022-06-14,LHD,city
Baltimore,21229,20162.888,,,,,2022-06-14,LHD,city
Baltimore,21230,21202.661,,,,,2022-06-14,LHD,city
Baltimore,21231,21338.463,,,,,2022-06-14,LHD,city
Baltimore,21234,17291.353,,,,,2022-06-14,LHD,city
Baltimore,21239,18748.357,,,,,2022-06-14,LHD,city
Baltimore,21251,4663.212,,,,,2022-06-14,LHD,city
Chicago,60601,30749.851,631101.24,,,86.19,2022-06-04,LHD,city
Chicago,60602,33100.437,961484.716,,,262.009,2022-06-04,LHD,city
Chicago,60603,30988.593,1020342.205,,,,2022-06-04,LHD,city
Chicago,60604,48238.153,1660510.328,,,,2022-06-04,LHD,city
Chicago,60605,20213.352,409772.884,,,51.617,2022-06-04,LHD,city
Chicago,60606,28658.351,886066.322,,,304.229,2022-06-04,LHD,city
Chicago,60607,24893.319,568982.351,,,58.034,2022-06-04,LHD,city
Chicago,60608,20745.95,383262.344,,,243.57,2022-06-04,LHD,city
Chicago,60609,22968.871,407200.643,,,361.017,2022-06-04,LHD,city
Chicago,60610,22501.726,453085.232,,,133.175,2022-06-04,LHD,city
Chicago,60611,21039.008,441506.14,,,81.267,2022-06-04,LHD,city
Chicago,60612,24778.42,591818.586,,,299.392,2022-06-04,LHD,city
Chicago,60613,21626.84,459967.298,,,124.111,2022-06-04,LHD,city
Chicago,60614,22178.058,487592.073,,,157.045,2022-06-04,LHD,city
Chicago,60615,18245.873,510598.67,,,192.166,2022-06-04,LHD,city
Chicago,60616,17595.07,395213.757,,,250.936,2022-06-04,LHD,city
Chicago,60617,19393.678,343690.831,,,296.818,2022-06-04,LHD,city
Chicago,60618,21815.04,415172.748,,,177.015,2022-06-04,LHD,city
Chicago,60619,18929.207,427088.405,,,364.337,2022-06-04,LHD,city
Chicago,60620,19047.127,428104.739,,,407.615,2022-06-04,LHD,city
Chicago,60621,20029.981,463833.964,,,513.955,2022-06-04,LHD,city
Chicago,60622,24107.779,471925.545,,,189.515,2022-06-04,LHD,city
Chicago,60623,24721.036,386679.872,,,397.377,2022-06-04,LHD,city
Chicago,60624,21483.435,470686.69,,,329.588,2022-06-04,LHD,city
Chicago,60625,21950.053,491006.243,,,304.617,2022-06-04,LHD,city
Chicago,60626,20229.899,611574.074,,,405.587,2022-06-04,LHD,city
Chicago,60628,20138.824,407983.939,,,480.904,2022-06-04,LHD,city
Chicago,60629,26531.187,368130.22,,,309.918,2022-06-04,LHD,city
Chicago,60630,23589.035,382006.982,,,329.594,2022-06-04,LHD,city
Chicago,60631,26428.257,456165.126,,,396.221,2022-06-04,LHD,city
Chicago,60632,24611.327,358668.774,,,282.671,2022-06-04,LHD,city
Chicago,60633,21104.894,342792.97,,,212.783,2022-06-04,LHD,city
Chicago,60634,27523.241,412885.911,,,331.637,2022-06-04,LHD,city
Chicago,60636,23298.028,505482.281,,,539.568,2022-06-04,LHD,city
Chicago,60637,21298.097,701084.567,,,207.188,2022-06-04,LHD,city
Chicago,60638,26301.795,352729.721,,,313.624,2022-06-04,LHD,city
Chicago,60639,28661.965,406607.41,,,344.656,2022-06-04,LHD,city
Chicago,60640,18951.026,462599.657,,,271.038,2022-06-04,LHD,city
Chicago,60641,25689.754,434848.311,,,270.464,2022-06-04,LHD,city
Chicago,60642,24416.717,415038.547,,,157.233,2022-06-04,LHD,city
Chicago,60643,21582.425,527512.427,,,411.152,2022-06-04,LHD,city
Chicago,60644,21255.178,494312.206,,,442.145,2022-06-04,LHD,city
Chicago,60645,23124.603,464797.969,,,319.442,2022-06-04,LHD,city
Chicago,60646,24204.557,426962.792,,,336.029,2022-06-04,LHD,city
Chicago,60647,22630.744,439913.046,,,213.39,2022-06-04,LHD,city
Chicago,60649,17882.186,444781.592,,,467.48,2022-06-04,LHD,city
Chicago,60651,23398.223,393370.818,,,288.225,2022-06-04,LHD,city
Chicago,60652,24694.455,399461.413,,,310.723,2022-06-04,LHD,city
Chicago,60653,20615.914,466691.802,,,298.607,2022-06-04,LHD,city
Chicago,60654,25107.382,466551.793,,,39.956,2022-06-04,LHD,city
Chicago,60655,25828.695,369284.889,,,182.015,2022-06-04,LHD,city
Chicago,60656,24746.616,336079.807,,,262.244,2022-06-04,LHD,city
Chicago,60657,22562.643,457666.507,,,84.557,2022-06-04,LHD,city
Chicago,60659,21712.882,426350.766,,,287.82,2022-06-04,LHD,city
Chicago,60660,17778.327,468144.636,,,220.235,2022-06-04,LHD,city
Chicago,60661,23894.147,438081.901,,,19.316,2022-06-04,LHD,city
Chicago,60707,10535.354,10215.116,,,141.554,2022-06-04,LHD,city
Chicago,60827,3412.562,2850.823,,,66.706,2022-06-04,LHD,city
Cleveland,44102,21058.249,,,,,2022-06-14,LHD,city
Cleveland,44103,21094.24,,,,,2022-06-14,LHD,city
Cleveland,44104,19693.146,,,,,2022-06-14,LHD,city
Cleveland,44105,19565.158,,,,,2022-06-14,LHD,city
Cleveland,44106,24433.996,,,,,2022-06-14,LHD,city
Cleveland,44108,20649.412,,,,,2022-06-14,LHD,city
Cleveland,44109,22942.88,,,,,2022-06-14,LHD,city
Cleveland,44110,20713.702,,,,,2022-06-14,LHD,city
Cleveland,44111,22004.342,,,,,2022-06-14,LHD,city
Cleveland,44112,18305.179,,,,,2022-06-14,LHD,city
Cleveland,44113,23801.083,,,,,2022-06-14,LHD,city
Cleveland,44114,24941.995,,,,,2022-06-14,LHD,city
Cleveland,44115,28302.995,,,,,2022-06-14,LHD,city
Cleveland,44119,22909.362,,,,,2022-06-14,LHD,city
Cleveland,44120,20116.326,,,,,2022-06-14,LHD,city
Cleveland,44121,23288.215,,,,,2022-06-14,LHD,city
Cleveland,44127,19522.007,,,,,2022-06-14,LHD,city
Cleveland,44128,23867.572,,,,,2022-06-14,LHD,city
Cleveland,44135,23095.565,,,,,2022-06-14,LHD,city
Cleveland,44142,23364.939,,,,,2022-06-14,LHD,city
Cleveland,44144,23740.238,,,,,2022-06-14,LHD,city
Columbus,43004,29470.746,,,,,2022-06-14,LHD,city
Columbus,43016,26416.527,,,,,2022-06-14,LHD,city
Columbus,43017,23115.928,,,,,2022-06-14,LHD,city
Columbus,43026,24941.71,,,,,2022-06-14,LHD,city
Columbus,43054,20585.984,,,,,2022-06-14,LHD,city
Columbus,43068,28563.608,,,,,2022-06-14,LHD,city
Columbus,43081,21588.265,,,,,2022-06-14,LHD,city
Columbus,43085,20347.926,,,,,2022-06-14,LHD,city
Columbus,43110,26573.177,,,,,2022-06-14,LHD,city
Columbus,43119,27633.488,,,,,2022-06-14,LHD,city
Columbus,43123,25449.472,,,,,2022-06-14,LHD,city
Columbus,43125,25078.652,,,,,2022-06-14,LHD,city
Columbus,43137,26644.323,,,,,2022-06-14,LHD,city
Columbus,43201,26656.345,,,,,2022-06-14,LHD,city
Columbus,43202,21024.942,,,,,2022-06-14,LHD,city
Columbus,43203,25168.455,,,,,2022-06-14,LHD,city
Columbus,43204,22794.186,,,,,2022-06-14,LHD,city
Columbus,43205,22278.044,,,,,2022-06-14,LHD,city
Columbus,43206,21988.536,,,,,2022-06-14,LHD,city
Columbus,43207,23978.423,,,,,2022-06-14,LHD,city
Columbus,43209,20241.057,,,,,2022-06-14,LHD,city
Columbus,43210,32558.14,,,,,2022-06-14,LHD,city
Columbus,43211,20460.237,,,,,2022-06-14,LHD,city
Columbus,43212,23666.834,,,,,2022-06-14,LHD,city
Columbus,43213,24400.845,,,,,2022-06-14,LHD,city
Columbus,43214,20431.294,,,,,2022-06-14,LHD,city
Columbus,43215,33751.88,,,,,2022-06-14,LHD,city
Columbus,43217,25011.328,,,,,2022-06-14,LHD,city
Columbus,43219,22974.451,,,,,2022-06-14,LHD,city
Columbus,43220,19983.949,,,,,2022-06-14,LHD,city
Columbus,43221,19837.33,,,,,2022-06-14,LHD,city
Columbus,43222,21643.65,,,,,2022-06-14,LHD,city
Columbus,43223,26153.099,,,,,2022-06-14,LHD,city
Columbus,43224,19724.812,,,,,2022-06-14,LHD,city
Columbus,43227,23081.002,,,,,2022-06-14,LHD,city
Columbus,43228,25192.825,,,,,2022-06-14,LHD,city
Columbus,43229,22611.29,,,,,2022-06-14,LHD,city
Columbus,43230,22763.953,,,,,2022-06-14,LHD,city
Columbus,43231,24047.693,,,,,2022-06-14,LHD,city
Columbus,43232,22398.645,,,,,2022-06-14,LHD,city
Columbus,43235,22181.474,,,,,2022-06-14,LHD,city
Columbus,43240,33144.412,,,,,2022-06-14,LHD,city
Houston,77002,26439.506,,,,134.503,2022-06-14,LHD,city
Houston,77003,27279.283,,,,309.055,2022-06-14,LHD,city
Houston,77004,15401.941,,,,112.619,2022-06-14,LHD,city
Houston,77005,16155.677,,,,38.499,2022-06-14,LHD,city
Houston,77006,19061.116,,,,44.287,2022-06-14,LHD,city
Houston,77007,23196.108,,,,59.88,2022-06-14,LHD,city
Houston,77008,21481.588,,,,103.167,2022-06-14,LHD,city
Houston,77009,24170.747,,,,279.415,2022-06-14,LHD,city
Houston,77010,12808.989,,,,,2022-06-14,LHD,city
Houston,77011,26875.681,,,,481.458,2022-06-14,LHD,city
Houston,77012,24284.329,,,,311.272,2022-06-14,LHD,city
Houston,77013,17355.975,,,,161.475,2022-06-14,LHD,city
Houston,77014,14618.011,,,,176.056,2022-06-14,LHD,city
Houston,77015,20431.326,,,,177.063,2022-06-14,LHD,city
Houston,77016,21837.286,,,,370.84,2022-06-14,LHD,city
Houston,77017,23959.375,,,,284.978,2022-06-14,LHD,city
Houston,77018,19841.298,,,,152.326,2022-06-14,LHD,city
Houston,77019,20669.175,,,,49.871,2022-06-14,LHD,city
Houston,77020,22570.854,,,,390.788,2022-06-14,LHD,city
Houston,77021,20534.829,,,,236.515,2022-06-14,LHD,city
Houston,77022,23184.358,,,,411.832,2022-06-14,LHD,city
Houston,77023,23608.346,,,,274.556,2022-06-14,LHD,city
Houston,77024,16669.285,,,,109.976,2022-06-14,LHD,city
Houston,77025,17508.76,,,,91.1,2022-06-14,LHD,city
Houston,77026,23732.394,,,,370.892,2022-06-14,LHD,city
Houston,77027,18588.659,,,,65.491,2022-06-14,LHD,city
Houston,77028,23414.634,,,,361.549,2022-06-14,LHD,city
Houston,77029,23075.193,,,,388.055,2022-06-14,LHD,city
Houston,77030,24543.592,,,,89.055,2022-06-14,LHD,city
Houston,77031,16734.965,,,,160.594,2022-06-14,LHD,city
Houston,77032,26260.75,,,,240.798,2022-06-14,LHD,city
Houston,77033,19765.691,,,,251.98,2022-06-14,LHD,city
Houston,77034,21759.567,,,,221.484,2022-06-14,LHD,city
Houston,77035,18900.111,,,,200.374,2022-06-14,LHD,city
Houston,77036,16992.964,,,,171.877,2022-06-14,LHD,city
Houston,77037,22160.709,,,,231.994,2022-06-14,LHD,city
Houston,77038,20459.388,,,,200.552,2022-06-14,LHD,city
Houston,77039,19686.948,,,,225.093,2022-06-14,LHD,city
Houston,77040,18028.982,,,,161.01,2022-06-14,LHD,city
Houston,77041,20129.047,,,,135.529,2022-06-14,LHD,city
Houston,77042,18200.987,,,,103.033,2022-06-14,LHD,city
Houston,77043,21295.811,,,,225.779,2022-06-14,LHD,city
Houston,77044,23379.046,,,,141.443,2022-06-14,LHD,city
Houston,77045,21578.342,,,,251.834,2022-06-14,LHD,city
Houston,77046,27423.364,,,,82.85,2022-06-14,LHD,city
Houston,77047,21860.437,,,,162.497,2022-06-14,LHD,city
Houston,77048,24549.856,,,,212.153,2022-06-14,LHD,city
Houston,77049,21139.595,,,,214.086,2022-06-14,LHD,city
Houston,77050,17380.3,,,,316.389,2022-06-14,LHD,city
Houston,77051,21305.383,,,,209.047,2022-06-14,LHD,city
Houston,77053,13434.439,,,,167.457,2022-06-14,LHD,city
Houston,77054,20273.349,,,,81.661,2022-06-14,LHD,city
Houston,77055,19475.723,,,,273.108,2022-06-14,LHD,city
Houston,77056,18570.91,,,,95.212,2022-06-14,LHD,city
Houston,77057,16886.544,,,,110.338,2022-06-14,LHD,city
Houston,77058,19640.199,,,,186.104,2022-06-14,LHD,city
Houston,77059,16784.514,,,,69.549,2022-06-14,LHD,city
Houston,77060,19295.824,,,,181.85,2022-06-14,LHD,city
Houston,77061,18790.233,,,,239.973,2022-06-14,LHD,city
Houston,77062,17717.264,,,,166.182,2022-06-14,LHD,city
Houston,77063,19327.881,,,,203.827,2022-06-14,LHD,city
Houston,77064,18786.109,,,,166.54,2022-06-14,LHD,city
Houston,77065,17487.365,,,,79.38,2022-06-14,LHD,city
Houston,77066,16815.226,,,,103.711,2022-06-14,LHD,city
Houston,77067,16030.318,,,,139.098,2022-06-14,LHD,city
Houston,77068,18744.891,,,,145.309,2022-06-14,LHD,city
Houston,77069,16774.36,,,,113.724,2022-06-14,LHD,city
Houston,77070,18985.242,,,,105.547,2022-06-14,LHD,city
Houston,77071,19111.742,,,,155.774,2022-06-14,LHD,city
Houston,77072,17959.164,,,,238.867,2022-06-14,LHD,city
Houston,77073,23107.739,,,,125.191,2022-06-14,LHD,city
Houston,77074,19544.634,,,,212.309,2022-06-14,LHD,city
Houston,77075,22674.484,,,,179.707,2022-06-14,LHD,city
Houston,77076,21100.28,,,,280.485,2022-06-14,LHD,city
Houston,77077,18340.941,,,,112.439,2022-06-14,LHD,city
Houston,77078,21573.134,,,,306.455,2022-06-14,LHD,city
Houston,77079,19752.652,,,,76.197,2022-06-14,LHD,city
Houston,77080,19510.376,,,,221.559,2022-06-14,LHD,city
Houston,77081,15166.601,,,,128.227,2022-06-14,LHD,city
Houston,77082,18039.814,,,,187.082,2022-06-14,LHD,city
Houston,77083,10176.505,,,,117.5,2022-06-14,LHD,city
Houston,77084,21111.142,,,,103.09,2022-06-14,LHD,city
Houston,77085,25757.323,,,,188.983,2022-06-14,LHD,city
Houston,77086,19814.22,,,,118.732,2022-06-14,LHD,city
Houston,77087,23898.01,,,,332.577,2022-06-14,LHD,city
Houston,77088,20307.173,,,,247.605,2022-06-14,LHD,city
Houston,77089,23689.065,,,,241.091,2022-06-14,LHD,city
Houston,77090,20188.415,,,,174.186,2022-06-14,LHD,city
Houston,77091,22472.072,,,,284.685,2022-06-14,LHD,city
Houston,77092,18661.917,,,,184.617,2022-06-14,LHD,city
Houston,77093,22603.161,,,,267.317,2022-06-14,LHD,city
Houston,77094,14195.307,,,,38.945,2022-06-14,LHD,city
Houston,77095,18597.578,,,,113.167,2022-06-14,LHD,city
Houston,77096,19766.232,,,,134.631,2022-06-14,LHD,city
Houston,77098,20943.697,,,,94.08,2022-06-14,LHD,city
Houston,77099,19770.911,,,,185.49,2022-06-14,LHD,city
Houston,77336,14905.746,,,,197.628,2022-06-14,LHD,city
Houston,77338,21566.647,,,,303.044,2022-06-14,LHD,city
Houston,77339,11519.199,,,,189.37,2022-06-14,LHD,city
Houston,77345,11045.619,,,,82.163,2022-06-14,LHD,city
Houston,77396,21970.683,,,,147.27,2022-06-14,LHD,city
Houston,77489,4670.258,,,,20.919,2022-06-14,LHD,city
Indianapolis,46113,26307.643,,,,,2022-06-14,LHD,city
Indianapolis,46201,19362.444,,,,,2022-06-14,LHD,city
Indianapolis,46202,23063.792,,,,,2022-06-14,LHD,city
Indianapolis,46203,21215.106,,,,,2022-06-14,LHD,city
Indianapolis,46204,27716.611,,,,,2022-06-14,LHD,city
Indianapolis,46205,20079.768,,,,,2022-06-14,LHD,city
Indianapolis,46208,19142.114,,,,,2022-06-14,LHD,city
Indianapolis,46214,24074.3,,,,,2022-06-14,LHD,city
Indianapolis,46217,23114.296,,,,,2022-06-14,LHD,city
Indianapolis,46218,21087.212,,,,,2022-06-14,LHD,city
Indianapolis,46219,20611.803,,,,,2022-06-14,LHD,city
Indianapolis,46220,18983.19,,,,,2022-06-14,LHD,city
Indianapolis,46221,23740.361,,,,,2022-06-14,LHD,city
Indianapolis,46222,19812.591,,,,,2022-06-14,LHD,city
Indianapolis,46224,21214.328,,,,,2022-06-14,LHD,city
Indianapolis,46225,24780.348,,,,,2022-06-14,LHD,city
Indianapolis,46226,19466.836,,,,,2022-06-14,LHD,city
Indianapolis,46227,24382.244,,,,,2022-06-14,LHD,city
Indianapolis,46228,18247.109,,,,,2022-06-14,LHD,city
Indianapolis,46229,22810.067,,,,,2022-06-14,LHD,city
Indianapolis,46231,25990.075,,,,,2022-06-14,LHD,city
Indianapolis,46234,24717.094,,,,,2022-06-14,LHD,city
Indianapolis,46235,22771.678,,,,,2022-06-14,LHD,city
Indianapolis,46236,20278.697,,,,,2022-06-14,LHD,city
Indianapolis,46237,26638.413,,,,,2022-06-14,LHD,city
Indianapolis,46239,26449.382,,,,,2022-06-14,LHD,city
Indianapolis,46240,19701.794,,,,,2022-06-14,LHD,city
Indianapolis,46241,21677.468,,,,,2022-06-14,LHD,city
Indianapolis,46250,21660.689,,,,,2022-06-14,LHD,city
Indianapolis,46254,19917.569,,,,,2022-06-14,LHD,city
Indianapolis,46256,19645.929,,,,,2022-06-14,LHD,city
Indianapolis,46259,29448.132,,,,,2022-06-14,LHD,city
Indianapolis,46260,19178.4,,,,,2022-06-14,LHD,city
Indianapolis,46268,20716.897,,,,,2022-06-14,LHD,city
Indianapolis,46278,18354.216,,,,,2022-06-14,LHD,city
Las Vegas (Metro),89002,19561.885,164830.969,14.18,877.902,228.533,2022-04-30,LHD,city
Las Vegas (Metro),89004,9815.951,216871.166,6.51,,,2022-04-30,LHD,city
Las Vegas (Metro),89005,13699.495,227992.424,7.97,1003.788,637.626,2022-04-30,LHD,city
Las Vegas (Metro),89007,13522.65,131710.615,11.4,405.68,,2022-04-30,LHD,city
Las Vegas (Metro),89011,25608.417,214534.698,14.97,1193.808,371.958,2022-04-30,LHD,city
Las Vegas (Metro),89012,17076.578,167123.138,12.58,920.245,331.398,2022-04-30,LHD,city
Las Vegas (Metro),89014,21450.672,217545.016,12.62,1131.118,377.885,2022-04-30,LHD,city
Las Vegas (Metro),89015,20551.112,220069.833,11.65,1373.062,514.309,2022-04-30,LHD,city
Las Vegas (Metro),89019,17145.505,221918.443,9.17,1112.141,231.696,2022-04-30,LHD,city
Las Vegas (Metro),89021,15478.212,165478.212,11.05,735.71,,2022-04-30,LHD,city
Las Vegas (Metro),89025,19700.748,178137.988,,831.255,,2022-04-30,LHD,city
Las Vegas (Metro),89027,14501.789,127230.836,13.52,742.708,303.589,2022-04-30,LHD,city
Las Vegas (Metro),89029,17166.646,161062.814,14.54,404.065,257.132,2022-04-30,LHD,city
Las Vegas (Metro),89030,28020.311,189666.184,20.34,1541.147,485.947,2022-04-30,LHD,city
Las Vegas (Metro),89031,25461.255,201824.354,16.31,1161.624,346.863,2022-04-30,LHD,city
Las Vegas (Metro),89032,29058.824,224914.027,17.27,1352.941,389.14,2022-04-30,LHD,city
Las Vegas (Metro),89039,13422.819,167785.235,10,,,2022-04-30,LHD,city
Las Vegas (Metro),89040,10627.895,97117.859,12.29,797.735,205.867,2022-04-30,LHD,city
Las Vegas (Metro),89044,21420.339,211335.225,12.61,1219.08,345.775,2022-04-30,LHD,city
Las Vegas (Metro),89046,17086.835,149579.832,13.48,3081.232,,2022-04-30,LHD,city
Las Vegas (Metro),89052,19839.916,214748.802,11.91,1217.874,375.708,2022-04-30,LHD,city
Las Vegas (Metro),89054,22807.018,245614.035,13.57,,,2022-04-30,LHD,city
Las Vegas (Metro),89074,20274.859,205203.265,12.26,1086.331,377.336,2022-04-30,LHD,city
Las Vegas (Metro),89081,25333.511,200442.903,16.21,1043.223,280.149,2022-04-30,LHD,city
Las Vegas (Metro),89084,26104.49,223022.36,14.76,1090.988,306.053,2022-04-30,LHD,city
Las Vegas (Metro),89085,19682.387,173604.427,13.89,818.094,192.493,2022-04-30,LHD,city
Las Vegas (Metro),89086,27045.597,236196.127,15.46,1077.452,296.69,2022-04-30,LHD,city
Las Vegas (Metro),89101,24114.857,181205.391,16.88,1542.543,511.833,2022-04-30,LHD,city
Las Vegas (Metro),89102,19817.993,167649.37,17.72,1239.575,410.657,2022-04-30,LHD,city
Las Vegas (Metro),89103,20952.133,182327.105,14.94,1228.318,444.8,2022-04-30,LHD,city
Las Vegas (Metro),89104,25675.025,193740.334,,1716.401,532.414,2022-04-30,LHD,city
Las Vegas (Metro),89106,25453.172,211216.012,16.13,1688.066,502.266,2022-04-30,LHD,city
Las Vegas (Metro),89107,25059.071,205640.025,,1489.624,410.931,2022-04-30,LHD,city
Las Vegas (Metro),89108,23123.083,190889.432,15.68,1143.382,379.776,2022-04-30,LHD,city
Las Vegas (Metro),89109,35564.321,873508.08,7.48,,814.353,2022-04-30,LHD,city
Las Vegas (Metro),89110,28331.631,190827.96,19.58,1377.834,387.472,2022-04-30,LHD,city
Las Vegas (Metro),89113,23730.964,216531.509,14.86,1064.752,386.901,2022-04-30,LHD,city
Las Vegas (Metro),89115,24938.178,189596.411,17.13,1173.039,320.208,2022-04-30,LHD,city
Las Vegas (Metro),89117,20998.351,191855.651,,1091.775,375.527,2022-04-30,LHD,city
Las Vegas (Metro),89118,25446.715,318180.152,10.2,1351.599,453.587,2022-04-30,LHD,city
Las Vegas (Metro),89119,19420.367,188617.358,,1372.714,441.025,2022-04-30,LHD,city
Las Vegas (Metro),89120,21758.755,181199.371,15.32,1301.737,527.949,2022-04-30,LHD,city
Las Vegas (Metro),89121,24560.848,192772.591,16.56,1818.326,580.788,2022-04-30,LHD,city
Las Vegas (Metro),89122,26086.694,196393.145,17.42,1524.194,465.726,2022-04-30,LHD,city
Las Vegas (Metro),89123,19575.141,177184.858,14.03,1143.724,377.396,2022-04-30,LHD,city
Las Vegas (Metro),89124,10866.373,130983.847,8.91,,,2022-04-30,LHD,city
Las Vegas (Metro),89128,22691.078,205747.771,14.38,1146.75,490.663,2022-04-30,LHD,city
Las Vegas (Metro),89129,19211.78,176463.688,13.33,873.661,304.643,2022-04-30,LHD,city
Las Vegas (Metro),89130,21298.671,198077.644,14.11,1204.715,449.607,2022-04-30,LHD,city
Las Vegas (Metro),89131,19468.396,163956.57,14.56,808.876,257.1,2022-04-30,LHD,city
Las Vegas (Metro),89134,14267.537,181948.036,10.47,1292.944,525.387,2022-04-30,LHD,city
Las Vegas (Metro),89135,20257.52,254536.748,10.53,939.983,351.163,2022-04-30,LHD,city
Las Vegas (Metro),89138,22186.943,222103.387,12.4,557.041,122.549,2022-04-30,LHD,city
Las Vegas (Metro),89139,27100.364,231141.042,15.01,1036.639,268.394,2022-04-30,LHD,city
Las Vegas (Metro),89141,23478.063,212283.545,13.39,1035.002,253.064,2022-04-30,LHD,city
Las Vegas (Metro),89142,28874.275,206192.495,18.65,1271.956,314.384,2022-04-30,LHD,city
Las Vegas (Metro),89143,20557.859,168375.424,15.19,919.714,278.93,2022-04-30,LHD,city
Las Vegas (Metro),89144,18369.297,187490.569,12.54,945.626,372.215,2022-04-30,LHD,city
Las Vegas (Metro),89145,21367.317,180922.181,15.26,1240.477,454.709,2022-04-30,LHD,city
Las Vegas (Metro),89146,26670.233,273688.152,13.21,1470.982,545.6,2022-04-30,LHD,city
Las Vegas (Metro),89147,21800.77,185790.746,14.94,1226.17,411.707,2022-04-30,LHD,city
Las Vegas (Metro),89148,24477.526,222409.231,13.76,1098.051,271.813,2022-04-30,LHD,city
Las Vegas (Metro),89149,22252.796,232933.633,11.97,974.428,363.517,2022-04-30,LHD,city
Las Vegas (Metro),89156,24660.664,171986.292,18.49,1189.356,372.934,2022-04-30,LHD,city
Las Vegas (Metro),89161,36764.706,347794.118,13.53,3676.471,,2022-04-30,LHD,city
Las Vegas (Metro),89166,22852.05,186353.733,15.05,637.75,162.408,2022-04-30,LHD,city
Las Vegas (Metro),89169,20603.061,177779.305,14.96,1649.711,522.409,2022-04-30,LHD,city
Las Vegas (Metro),89178,23265.046,200906.685,14.71,842.972,232.797,2022-04-30,LHD,city
Las Vegas (Metro),89179,35508.122,298550.141,14.92,1060.545,228.219,2022-04-30,LHD,city
Las Vegas (Metro),89183,20374.294,188596.987,13.51,932.203,233.051,2022-04-30,LHD,city
Las Vegas (Metro),89191,,239070.568,16.34,,,2022-04-30,LHD,city
New York City,10001,31209.836,198858.585,15.69,1028.686,206.424,2022-06-14,LHD,city
New York City,10002,28397.81,105563.116,26.9,2028.5,554.946,2022-06-14,LHD,city
New York City,10003,28641.399,131876.414,21.72,711.61,164.883,2022-06-14,LHD,city
New York City,10004,36707.805,265769.888,13.81,2792.377,67.292,2022-06-14,LHD,city
New York City,10005,29415.694,137155.242,21.45,879.012,11.419,2022-06-14,LHD,city
New York City,10006,35217.931,232686.735,15.14,2868.284,29.57,2022-06-14,LHD,city
New York City,10007,29006.858,151313.39,19.17,1044.04,100.122,2022-06-14,LHD,city
New York City,10009,29170.032,106498.35,27.39,1366,323.703,2022-06-14,LHD,city
New York City,10010,26330.465,154031.122,17.09,935.6,185.89,2022-06-14,LHD,city
New York City,10011,29417.447,127117.784,23.14,769.741,199.011,2022-06-14,LHD,city
New York City,10012,27345.287,127595.502,21.43,729.908,133.897,2022-06-14,LHD,city
New York City,10013,30917.253,153843.698,20.1,933.36,222.077,2022-06-14,LHD,city
New York City,10014,25916.36,119198.116,21.74,583.8,151.635,2022-06-14,LHD,city
New York City,10016,31226.362,139493.335,22.39,824.8,190.524,2022-06-14,LHD,city
New York City,10017,31575.705,203596.044,15.51,870.896,275.407,2022-06-14,LHD,city
New York City,10018,35146.791,407343.169,8.63,873.578,110.258,2022-06-14,LHD,city
New York City,10019,33327.666,204848.538,16.27,1040.991,236.66,2022-06-14,LHD,city
New York City,10021,20804.115,102470.728,20.3,789.319,257.218,2022-06-14,LHD,city
New York City,10022,24870.389,145843.273,17.05,831.493,236.275,2022-06-14,LHD,city
New York City,10023,23872.464,118200.176,20.2,773.3,202.323,2022-06-14,LHD,city
New York City,10024,22115.3,112461.384,19.66,842.048,241.389,2022-06-14,LHD,city
New York City,10025,24739.159,118527.705,20.87,1241,447.501,2022-06-14,LHD,city
New York City,10026,26688.661,102968.212,25.92,1616.4,333.641,2022-06-14,LHD,city
New York City,10027,25467.489,106414.51,23.93,1585.3,359.652,2022-06-14,LHD,city
New York City,10028,24059.384,102070.306,23.57,696.388,173.104,2022-06-14,LHD,city
New York City,10029,29477.856,104653.485,28.17,2251.2,557.368,2022-06-14,LHD,city
New York City,10030,25367.383,96033.908,26.42,1967.8,430.477,2022-06-14,LHD,city
New York City,10031,25581.323,93303.467,27.42,1758.5,426.948,2022-06-14,LHD,city
New York City,10032,24162.933,90130.041,26.81,2184,485.32,2022-06-14,LHD,city
New York City,10033,24491.689,90991.102,26.92,1775.6,369.118,2022-06-14,LHD,city
New York City,10034,24298.184,85974.001,28.26,1640.8,336.16,2022-06-14,LHD,city
New York City,10035,28967.058,105791.624,27.38,2900.2,757.661,2022-06-14,LHD,city
New York City,10036,47209.93,418913.338,11.27,1306.983,301.004,2022-06-14,LHD,city
New York City,10037,27095.175,106336.779,25.48,2168.9,601.153,2022-06-14,LHD,city
New York City,10038,26775.038,119551.726,22.4,1303.4,310.524,2022-06-14,LHD,city
New York City,10039,25054.478,90461.013,27.7,2012.5,456.205,2022-06-14,LHD,city
New York City,10040,25817.489,94433.648,27.34,1842.5,600.46,2022-06-14,LHD,city
New York City,10044,22327.242,107001.124,20.87,1311.053,514.058,2022-06-14,LHD,city
New York City,10065,29914.943,140957.952,21.22,892.75,197.139,2022-06-14,LHD,city
New York City,10069,31919.498,152946.268,20.87,1208.884,47.736,2022-06-14,LHD,city
New York City,10075,26739.569,122519.473,21.82,1024.258,394.888,2022-06-14,LHD,city
New York City,10128,26006.339,109699.994,23.71,800.731,201.507,2022-06-14,LHD,city
New York City,10280,19879.695,93952.421,21.16,941.571,74.897,2022-06-14,LHD,city
New York City,10282,20728.866,114197.21,18.15,1668.924,197.418,2022-06-14,LHD,city
New York City,10301,33448.177,102051.255,32.78,2148.8,616.888,2022-06-14,LHD,city
New York City,10302,39361.708,100789.993,39.05,2228.8,421.964,2022-06-14,LHD,city
New York City,10303,36918.309,99597.965,37.07,1878.3,392.266,2022-06-14,LHD,city
New York City,10304,35519.484,106971.469,33.2,2304,780.674,2022-06-14,LHD,city
New York City,10305,35376.453,96942.822,36.49,1995,443.343,2022-06-14,LHD,city
New York City,10306,41417.007,103598.381,39.98,2094.6,613.557,2022-06-14,LHD,city
New York City,10307,38143.368,91650.036,41.62,1414.871,295.061,2022-06-14,LHD,city
New York City,10308,37004.447,89726.144,41.24,1482.513,362.164,2022-06-14,LHD,city
New York City,10309,41302.92,98328.575,42.01,1539.043,309.658,2022-06-14,LHD,city
New York City,10310,38700.513,104566.464,37.01,1719.3,354.072,2022-06-14,LHD,city
New York City,10312,39539.591,95897.432,41.23,1537.7,340.689,2022-06-14,LHD,city
New York City,10314,34768.325,93085.168,37.35,1787.7,555.532,2022-06-14,LHD,city
New York City,10451,33242.469,107574.621,30.9,2478.7,605.906,2022-06-14,LHD,city
New York City,10452,29076.319,97457.321,29.83,2294.8,473.326,2022-06-14,LHD,city
New York City,10453,28521.467,97614.848,29.22,2409.8,455.022,2022-06-14,LHD,city
New York City,10454,32339.653,103791.411,31.16,2537.6,586.84,2022-06-14,LHD,city
New York City,10455,31188.401,101812.25,30.63,2461,520.364,2022-06-14,LHD,city
New York City,10456,26211.241,94433.22,27.76,2386.6,565.494,2022-06-14,LHD,city
New York City,10457,28196.636,96618.954,29.18,2498.6,462.551,2022-06-14,LHD,city
New York City,10458,27420.694,89883.507,30.51,1920.7,351.702,2022-06-14,LHD,city
New York City,10459,30497.434,104879.84,29.08,2331.4,620.393,2022-06-14,LHD,city
New York City,10460,30919.903,97744.872,31.63,2380,492.572,2022-06-14,LHD,city
New York City,10461,34282.574,102456.667,33.46,2220.047,547.886,2022-06-14,LHD,city
New York City,10462,32135.347,101614.774,31.62,2150.8,456.743,2022-06-14,LHD,city
New York City,10463,27742.111,95846.385,28.94,1874.9,651.579,2022-06-14,LHD,city
New York City,10464,25598.544,91240.024,28.06,1959.902,420.031,2022-06-14,LHD,city
New York City,10465,32022.926,93805.446,34.14,1804.3,551.92,2022-06-14,LHD,city
New York City,10466,25951.439,92728.787,27.99,2187.4,440.33,2022-06-14,LHD,city
New York City,10467,30119.957,98406.229,30.61,2558.2,605.535,2022-06-14,LHD,city
New York City,10468,28939.201,97623.215,29.64,2161.7,488.36,2022-06-14,LHD,city
New York City,10469,26843.591,92989.296,28.87,2261.4,798.711,2022-06-14,LHD,city
New York City,10470,29656.252,98700.755,30.05,1874.2,400.219,2022-06-14,LHD,city
New York City,10471,28524.942,111077.319,25.68,1751.131,734.427,2022-06-14,LHD,city
New York City,10472,29589.964,98119.82,30.16,2342.1,503.096,2022-06-14,LHD,city
New York City,10473,32720.053,101492.898,32.24,2456.5,519.366,2022-06-14,LHD,city
New York City,10474,26654.241,91703.283,29.07,2104.604,409.166,2022-06-14,LHD,city
New York City,10475,26817.336,88784.312,30.21,2398.3,760.46,2022-06-14,LHD,city
New York City,11004,22813.267,100725.613,22.65,1540.809,717.697,2022-06-14,LHD,city
New York City,11101,35992.414,149437.201,24.09,1351.8,293.195,2022-06-14,LHD,city
New York City,11102,33629.835,114525.832,29.36,1774.2,619.077,2022-06-14,LHD,city
New York City,11103,34928.196,110875.483,31.5,1325.2,377.819,2022-06-14,LHD,city
New York City,11104,28560.668,101226.241,28.21,1375.95,373.471,2022-06-14,LHD,city
New York City,11105,29980.782,93155.954,32.18,1284.753,408.954,2022-06-14,LHD,city
New York City,11106,29982.404,104794.139,28.61,1458.7,400.763,2022-06-14,LHD,city
New York City,11109,30436.805,131239.198,23.19,1423.345,52.058,2022-06-14,LHD,city
New York City,11201,27053.944,119608.515,22.62,942.221,351.558,2022-06-14,LHD,city
New York City,11203,25565.244,95927.975,26.65,2121.1,639.711,2022-06-14,LHD,city
New York City,11204,27999.355,100755.648,27.79,1621.9,424.193,2022-06-14,LHD,city
New York City,11205,26495.398,109804.467,24.13,1338.8,247.064,2022-06-14,LHD,city
New York City,11206,29513.344,107428.296,27.47,1762,404.798,2022-06-14,LHD,city
New York City,11207,30300.399,105018.621,28.85,2152.1,554.858,2022-06-14,LHD,city
New York City,11208,30681.677,101062.96,30.36,2182.6,536.806,2022-06-14,LHD,city
New York City,11209,29843.986,97383.612,30.65,1445.4,410.283,2022-06-14,LHD,city
New York City,11210,25609.325,87839.285,29.15,1707.9,464.323,2022-06-14,LHD,city
New York City,11211,30444.487,116415.345,26.15,1278.9,272.458,2022-06-14,LHD,city
New York City,11212,31799.32,109615.113,29.01,2707.9,730.055,2022-06-14,LHD,city
New York City,11213,29259.491,108524.199,26.96,1989.2,572.744,2022-06-14,LHD,city
New York City,11214,27521.663,91103.556,30.21,1887.7,589.35,2022-06-14,LHD,city
New York City,11215,21794.093,102202.72,21.32,623.2,172.353,2022-06-14,LHD,city
New York City,11216,27928.681,104827.401,26.64,1316.8,344.731,2022-06-14,LHD,city
New York City,11217,26828.497,116029.275,23.12,1157.187,411.052,2022-06-14,LHD,city
New York City,11218,27358.265,111425.062,24.55,1810.9,468.945,2022-06-14,LHD,city
New York City,11219,26522.346,114833.586,23.1,1859.2,435.157,2022-06-14,LHD,city
New York City,11220,31312.784,100389.298,31.19,1605.7,399.616,2022-06-14,LHD,city
New York City,11221,28591.341,101517.987,28.16,1658,430.988,2022-06-14,LHD,city
New York City,11222,32734.996,119385.152,27.42,935.7,213.158,2022-06-14,LHD,city
New York City,11223,31972.605,92991.134,34.38,1817.4,449.126,2022-06-14,LHD,city
New York City,11224,34032.255,98965.201,34.39,3444.8,1203.783,2022-06-14,LHD,city
New York City,11225,24102.088,96338.802,25.02,1683.3,481.624,2022-06-14,LHD,city
New York City,11226,26336.582,98726.23,26.68,1993.9,599.866,2022-06-14,LHD,city
New York City,11228,27926.093,87299.608,31.99,1376.2,489.073,2022-06-14,LHD,city
New York City,11229,30598.049,91511.618,33.44,1793.1,498.016,2022-06-14,LHD,city
New York City,11230,32156.884,104625.747,30.74,2085.4,611.998,2022-06-14,LHD,city
New York City,11231,25475.812,104404.811,24.4,974.1,238.117,2022-06-14,LHD,city
New York City,11232,30924.033,110663.438,27.94,1477.1,339.662,2022-06-14,LHD,city
New York City,11233,26316.073,90578.472,29.05,1788.2,478.988,2022-06-14,LHD,city
New York City,11234,26314.091,84477.27,31.15,1558.9,448.669,2022-06-14,LHD,city
New York City,11235,35114.879,105046.675,33.43,2983.5,1007.703,2022-06-14,LHD,city
New York City,11236,26117.93,89599.998,29.15,1916.3,575.593,2022-06-14,LHD,city
New York City,11237,29501.727,101865.436,28.96,1654.1,393.745,2022-06-14,LHD,city
New York City,11238,27158.496,109959.883,24.7,1361.3,414.577,2022-06-14,LHD,city
New York City,11239,37005.752,105672.577,35.02,3977.9,1389.923,2022-06-14,LHD,city
New York City,11354,27200.135,99488.398,27.34,2348.1,984.813,2022-06-14,LHD,city
New York City,11355,29017.326,98659.669,29.41,2156.2,579.56,2022-06-14,LHD,city
New York City,11356,33168.201,106855.346,31.04,1682.7,346.278,2022-06-14,LHD,city
New York City,11357,29231.738,94253.434,31.01,1629.832,526.931,2022-06-14,LHD,city
New York City,11358,26870.52,92342.429,29.1,1313.2,327.554,2022-06-14,LHD,city
New York City,11360,23816.787,86152.082,27.65,1491.705,451.553,2022-06-14,LHD,city
New York City,11361,26643.307,93202.278,28.59,1441.037,523.31,2022-06-14,LHD,city
New York City,11362,23544.724,84323.479,27.92,1336.789,502.715,2022-06-14,LHD,city
New York City,11363,22196.454,90136.905,24.63,1617.931,207.86,2022-06-14,LHD,city
New York City,11364,22839.424,83677.307,27.29,1126.216,238.173,2022-06-14,LHD,city
New York City,11365,26116.579,89425.832,29.2,1410.429,390.277,2022-06-14,LHD,city
New York City,11366,25851.378,87379.488,29.59,1576.606,450.446,2022-06-14,LHD,city
New York City,11367,28731.902,94306.132,30.47,1683.9,366.309,2022-06-14,LHD,city
New York City,11368,29433.782,106381.475,27.67,2357.4,588.929,2022-06-14,LHD,city
New York City,11369,37020.032,124082.082,29.84,2914,853.462,2022-06-14,LHD,city
New York City,11370,30833.292,97645.051,31.58,1947.7,393.362,2022-06-14,LHD,city
New York City,11372,33182.428,114541.669,28.97,2242.9,705.308,2022-06-14,LHD,city
New York City,11373,32881.752,110755.796,29.69,2124,526.972,2022-06-14,LHD,city
New York City,11374,31956.523,103911.848,30.75,1959.2,497.66,2022-06-14,LHD,city
New York City,11375,25557.583,92712.539,27.57,1563.2,523.387,2022-06-14,LHD,city
New York City,11377,33038.221,108623.501,30.42,1839.5,492.575,2022-06-14,LHD,city
New York City,11378,31389.843,94321.692,33.28,1618.5,401.157,2022-06-14,LHD,city
New York City,11379,29931.907,90953.036,32.91,1875.2,592.306,2022-06-14,LHD,city
New York City,11385,29566.128,89787.028,32.93,1509.5,318.486,2022-06-14,LHD,city
New York City,11411,24782.371,82177.556,30.16,1974.132,425.669,2022-06-14,LHD,city
New York City,11412,28886.349,93919.351,30.76,1923.8,443.598,2022-06-14,LHD,city
New York City,11413,26069.922,87030.121,29.96,1900.2,453.631,2022-06-14,LHD,city
New York City,11414,32089.258,84405.326,38.02,1897.405,585.364,2022-06-14,LHD,city
New York City,11415,29094.427,97811.533,29.75,1881.3,519.259,2022-06-14,LHD,city
New York City,11416,32940.982,106242.53,31.01,1966.8,481.25,2022-06-14,LHD,city
New York City,11417,32978.602,97099.545,33.96,1784.7,386.581,2022-06-14,LHD,city
New York City,11418,29883.785,95917.053,31.16,1809,449.64,2022-06-14,LHD,city
New York City,11419,29236.209,95439.803,30.63,1981.4,463.87,2022-06-14,LHD,city
New York City,11420,29227.516,94041.901,31.08,1873.2,464.095,2022-06-14,LHD,city
New York City,11421,34457.359,99916.354,34.49,1845.7,506.873,2022-06-14,LHD,city
New York City,11422,27438.277,88372.432,31.05,1935.6,416.807,2022-06-14,LHD,city
New York City,11423,29301.441,102333.453,28.63,2132.7,680.831,2022-06-14,LHD,city
New York City,11426,27306.659,85485.812,31.94,1398.738,347.161,2022-06-14,LHD,city
New York City,11427,27875.324,95062.873,29.32,1645.837,407.249,2022-06-14,LHD,city
New York City,11428,31155.616,101711.864,30.63,2152.755,565.096,2022-06-14,LHD,city
New York City,11429,25170.743,85907.555,29.3,2197.2,463.189,2022-06-14,LHD,city
New York City,11432,28363.233,104177.931,27.23,2253.5,732.454,2022-06-14,LHD,city
New York City,11433,28804.619,98209.514,29.33,2371,528.45,2022-06-14,LHD,city
New York City,11434,27064.242,94722.6,28.57,2066,560.187,2022-06-14,LHD,city
New York City,11435,27527.157,91870.176,29.96,1932.8,505.007,2022-06-14,LHD,city
New York City,11436,28224.965,95147.621,29.66,2055.658,444.055,2022-06-14,LHD,city
New York City,11691,30276.873,100855.103,30.02,2523.3,925.866,2022-06-14,LHD,city
New York City,11692,26078.112,89880.085,29.01,2035.621,727.562,2022-06-14,LHD,city
New York City,11693,27548.622,82117.148,33.55,1681.027,497.154,2022-06-14,LHD,city
New York City,11694,30328.113,88501.112,34.27,1751.549,640.057,2022-06-14,LHD,city
New York City,11697,46660.103,131697.626,35.43,2682.624,589.515,2022-06-14,LHD,city
Oakland,94601,25956.372,411054.13,7.5,,,2022-05-11,LHD,city
Oakland,94602,13669.518,413851.867,3.87,,,2022-05-11,LHD,city
Oakland,94603,26772.071,353622.219,8.74,,,2022-05-11,LHD,city
Oakland,94605,19256.204,364390.885,6.16,,,2022-05-11,LHD,city
Oakland,94606,17100.994,363131.868,5.65,,,2022-05-11,LHD,city
Oakland,94607,19542.93,424285.128,5.64,,,2022-05-11,LHD,city
Oakland,94608,16144.842,461242.06,4.23,,,2022-05-11,LHD,city
Oakland,94609,15257.523,510608.615,3.64,,,2022-05-11,LHD,city
Oakland,94610,11425.977,458429.359,2.92,,,2022-05-11,LHD,city
Oakland,94611,10424.631,456017.96,2.62,,,2022-05-11,LHD,city
Oakland,94612,19087.742,458321.191,5.15,,,2022-05-11,LHD,city
Oakland,94613,,90526.316,2.2,,,2022-05-11,LHD,city
Oakland,94618,8480.176,468774.635,2,,,2022-05-11,LHD,city
Oakland,94619,15718.315,412976.941,4.42,,,2022-05-11,LHD,city
Oakland,94621,26893.107,318812.616,9.91,,,2022-05-11,LHD,city
Oakland,94705,10053.966,771109.633,1.52,,,2022-05-11,LHD,city
Philadelphia,19102,24072.275,514688.168,4.68,194.288,,2022-06-13,LHD,city
Philadelphia,19103,19232.675,505125.134,3.81,776.41,214.752,2022-06-13,LHD,city
Philadelphia,19104,26153.846,1004873.04,2.6,1237.864,313.667,2022-06-13,LHD,city
Philadelphia,19106,19671.22,319583.863,6.16,381.194,47.649,2022-06-13,LHD,city
Philadelphia,19107,22518.243,310973.427,7.24,1486.989,158.337,2022-06-13,LHD,city
Philadelphia,19111,20567.293,212507.157,9.68,1109.92,293.63,2022-06-13,LHD,city
Philadelphia,19114,21946.444,213069.976,10.3,1259.947,397.878,2022-06-13,LHD,city
Philadelphia,19115,24025.349,241096.588,9.97,1437.221,761.048,2022-06-13,LHD,city
Philadelphia,19116,24232.308,231559.559,10.46,1188.592,543.932,2022-06-13,LHD,city
Philadelphia,19118,13579.566,226846.748,5.99,1019.846,358.324,2022-06-13,LHD,city
Philadelphia,19119,16962.259,290628.547,5.84,1535.897,620.743,2022-06-13,LHD,city
Philadelphia,19120,18078.585,189424.791,9.54,1483.932,234.945,2022-06-13,LHD,city
Philadelphia,19121,23439.864,299058.206,7.84,1874.325,259.379,2022-06-13,LHD,city
Philadelphia,19122,25980.799,359849.534,7.22,1375.427,276.932,2022-06-13,LHD,city
Philadelphia,19123,21658.694,319024.84,6.79,1636.793,426.488,2022-06-13,LHD,city
Philadelphia,19124,21614.702,201416.705,10.73,1445.152,233.273,2022-06-13,LHD,city
Philadelphia,19125,19307.544,288119.923,6.7,777.563,174.081,2022-06-13,LHD,city
Philadelphia,19126,23492.591,277721.002,8.46,2855.135,1073.071,2022-06-13,LHD,city
Philadelphia,19127,21302.083,292986.111,7.27,364.583,121.528,2022-06-13,LHD,city
Philadelphia,19128,18074.594,252183.615,7.17,571.14,167.357,2022-06-13,LHD,city
Philadelphia,19129,17862.528,304585.366,5.86,1064.302,186.253,2022-06-13,LHD,city
Philadelphia,19130,18820.36,387483.852,4.86,882.147,158.713,2022-06-13,LHD,city
Philadelphia,19131,20150.705,285195.537,7.07,2287.414,498.625,2022-06-13,LHD,city
Philadelphia,19132,20788.451,276572.758,7.52,2393.397,395.181,2022-06-13,LHD,city
Philadelphia,19133,20647.923,215054.24,9.6,2169.582,280.422,2022-06-13,LHD,city
Philadelphia,19134,19119.945,200958.333,9.51,1344.887,214.216,2022-06-13,LHD,city
Philadelphia,19135,21051.74,192480.312,10.94,1154.487,194.767,2022-06-13,LHD,city
Philadelphia,19136,31668.634,469456.838,6.75,1643.591,474.943,2022-06-13,LHD,city
Philadelphia,19137,20150.952,209752.007,9.61,1138.133,311.489,2022-06-13,LHD,city
Philadelphia,19138,19724.715,239354.819,8.24,1669.413,332.662,2022-06-13,LHD,city
Philadelphia,19139,20932.388,278593.444,7.51,2062.633,351.316,2022-06-13,LHD,city
Philadelphia,19140,20853.456,230398.331,9.05,2403.122,349.65,2022-06-13,LHD,city
Philadelphia,19141,17437.538,212809.429,8.19,1950.952,311.23,2022-06-13,LHD,city
Philadelphia,19142,21205.035,224289.841,9.45,2001.513,285.439,2022-06-13,LHD,city
Philadelphia,19143,20796.844,306244.778,6.79,1836.608,259.941,2022-06-13,LHD,city
Philadelphia,19144,19296.327,267382.189,7.22,1850.333,480.813,2022-06-13,LHD,city
Philadelphia,19145,22878.485,269873.187,8.48,1582.993,284.461,2022-06-13,LHD,city
Philadelphia,19146,21164.91,384002.851,5.51,1036.098,175.653,2022-06-13,LHD,city
Philadelphia,19147,17441.256,297119.983,5.87,730.401,161.156,2022-06-13,LHD,city
Philadelphia,19148,20786.85,248303.641,8.37,1636.082,373.141,2022-06-13,LHD,city
Philadelphia,19149,18661.614,166829.73,11.19,1040.393,175.695,2022-06-13,LHD,city
Philadelphia,19150,21072.694,274590.789,7.67,1618.907,381.183,2022-06-13,LHD,city
Philadelphia,19151,20250.127,237947.995,8.51,1622.529,236.931,2022-06-13,LHD,city
Philadelphia,19152,22622.942,226707.716,9.98,2451.964,761.428,2022-06-13,LHD,city
Philadelphia,19153,19652.468,217661.08,9.03,1606.951,246.04,2022-06-13,LHD,city
Philadelphia,19154,22807.567,261812.639,8.71,940.225,279.218,2022-06-13,LHD,city
Phoenix,85003,50041.181,,,,,2022-06-14,LHD,county
Phoenix,85004,33654.383,,,,,2022-06-14,LHD,county
Phoenix,85006,25273.837,,,,,2022-06-14,LHD,county
Phoenix,85007,37233.158,,,,,2022-06-14,LHD,county
Phoenix,85008,30912.737,,,,,2022-06-14,LHD,county
Phoenix,85009,39101.932,,,,,2022-06-14,LHD,county
Phoenix,85012,34263.214,,,,,2022-06-14,LHD,county
Phoenix,85013,31814.723,,,,,2022-06-14,LHD,county
Phoenix,85014,26706.006,,,,,2022-06-14,LHD,county
Phoenix,85015,27339.778,,,,,2022-06-14,LHD,county
Phoenix,85016,33323.128,,,,,2022-06-14,LHD,county
Phoenix,85017,28636.065,,,,,2022-06-14,LHD,county
Phoenix,85018,25334.65,,,,,2022-06-14,LHD,county
Phoenix,85019,30726.639,,,,,2022-06-14,LHD,county
Phoenix,85020,24278.16,,,,,2022-06-14,LHD,county
Phoenix,85021,28583.614,,,,,2022-06-14,LHD,county
Phoenix,85022,23031.587,,,,,2022-06-14,LHD,county
Phoenix,85023,24652.737,,,,,2022-06-14,LHD,county
Phoenix,85024,25243.618,,,,,2022-06-14,LHD,county
Phoenix,85027,25828.427,,,,,2022-06-14,LHD,county
Phoenix,85028,23016.448,,,,,2022-06-14,LHD,county
Phoenix,85029,26469.839,,,,,2022-06-14,LHD,county
Phoenix,85031,30460.957,,,,,2022-06-14,LHD,county
Phoenix,85032,23455.323,,,,,2022-06-14,LHD,county
Phoenix,85033,27936.821,,,,,2022-06-14,LHD,county
Phoenix,85034,55520.317,,,,,2022-06-14,LHD,county
Phoenix,85035,27155.548,,,,,2022-06-14,LHD,county
Phoenix,85037,31608.807,,,,,2022-06-14,LHD,county
Phoenix,85040,30470.969,,,,,2022-06-14,LHD,county
Phoenix,85041,34911.185,,,,,2022-06-14,LHD,county
Phoenix,85042,30514.836,,,,,2022-06-14,LHD,county
Phoenix,85043,32650.372,,,,,2022-06-14,LHD,county
Phoenix,85044,25952.187,,,,,2022-06-14,LHD,county
Phoenix,85045,25613.584,,,,,2022-06-14,LHD,county
Phoenix,85048,24876.276,,,,,2022-06-14,LHD,county
Phoenix,85050,25490.808,,,,,2022-06-14,LHD,county
Phoenix,85051,27104.804,,,,,2022-06-14,LHD,county
Phoenix,85053,25408.39,,,,,2022-06-14,LHD,county
Phoenix,85054,27617.213,,,,,2022-06-14,LHD,county
Phoenix,85083,28118.255,,,,,2022-06-14,LHD,county
Phoenix,85085,30548.523,,,,,2022-06-14,LHD,county
Phoenix,85086,22598.924,,,,,2022-06-14,LHD,county
Phoenix,85087,26567.388,,,,,2022-06-14,LHD,county
Phoenix,85251,38798.599,,,,,2022-06-14,LHD,county
Phoenix,85254,22507.153,,,,,2022-06-14,LHD,county
Phoenix,85304,27969.267,,,,,2022-06-14,LHD,county
Phoenix,85306,25485.893,,,,,2022-06-14,LHD,county
Phoenix,85307,50333.093,,,,,2022-06-14,LHD,county
Phoenix,85308,24733.907,,,,,2022-06-14,LHD,county
Phoenix,85310,23802.24,,,,,2022-06-14,LHD,county
Phoenix,85331,20551.958,,,,,2022-06-14,LHD,county
Phoenix,85339,34719.963,,,,,2022-06-14,LHD,county
Phoenix,85353,36964.09,,,,,2022-06-14,LHD,county
San Antonio,78023,18837.899,,,,,2022-06-14,LHD,city
San Antonio,78073,35034.965,,,,,2022-06-14,LHD,city
San Antonio,78109,31841.384,,,,,2022-06-14,LHD,city
San Antonio,78112,31902.054,,,,,2022-06-14,LHD,city
San Antonio,78201,26412.049,,,,,2022-06-14,LHD,city
San Antonio,78202,31974.155,,,,,2022-06-14,LHD,city
San Antonio,78203,32427.184,,,,,2022-06-14,LHD,city
San Antonio,78204,31501.921,,,,,2022-06-14,LHD,city
San Antonio,78205,32963.22,,,,,2022-06-14,LHD,city
San Antonio,78207,32528.296,,,,,2022-06-14,LHD,city
San Antonio,78208,26684.307,,,,,2022-06-14,LHD,city
San Antonio,78209,18479.357,,,,,2022-06-14,LHD,city
San Antonio,78210,30517.74,,,,,2022-06-14,LHD,city
San Antonio,78211,36989.228,,,,,2022-06-14,LHD,city
San Antonio,78212,22899.706,,,,,2022-06-14,LHD,city
San Antonio,78213,23506.572,,,,,2022-06-14,LHD,city
San Antonio,78214,30227.157,,,,,2022-06-14,LHD,city
San Antonio,78215,31320.755,,,,,2022-06-14,LHD,city
San Antonio,78216,19171.603,,,,,2022-06-14,LHD,city
San Antonio,78217,19180.889,,,,,2022-06-14,LHD,city
San Antonio,78218,23060.004,,,,,2022-06-14,LHD,city
San Antonio,78219,27704.623,,,,,2022-06-14,LHD,city
San Antonio,78220,35844.311,,,,,2022-06-14,LHD,city
San Antonio,78221,35180.284,,,,,2022-06-14,LHD,city
San Antonio,78222,31938.003,,,,,2022-06-14,LHD,city
San Antonio,78223,33932.745,,,,,2022-06-14,LHD,city
San Antonio,78224,39700.67,,,,,2022-06-14,LHD,city
San Antonio,78225,32131.012,,,,,2022-06-14,LHD,city
San Antonio,78226,34100.683,,,,,2022-06-14,LHD,city
San Antonio,78227,27974.083,,,,,2022-06-14,LHD,city
San Antonio,78228,30099.905,,,,,2022-06-14,LHD,city
San Antonio,78229,22019.048,,,,,2022-06-14,LHD,city
San Antonio,78230,19528.664,,,,,2022-06-14,LHD,city
San Antonio,78231,19675.592,,,,,2022-06-14,LHD,city
San Antonio,78232,16249.488,,,,,2022-06-14,LHD,city
San Antonio,78233,21088.558,,,,,2022-06-14,LHD,city
San Antonio,78235,42344.173,,,,,2022-06-14,LHD,city
San Antonio,78237,39278.865,,,,,2022-06-14,LHD,city
San Antonio,78238,25943.102,,,,,2022-06-14,LHD,city
San Antonio,78239,24093.179,,,,,2022-06-14,LHD,city
San Antonio,78240,19208.233,,,,,2022-06-14,LHD,city
San Antonio,78242,33849.196,,,,,2022-06-14,LHD,city
San Antonio,78244,29456.764,,,,,2022-06-14,LHD,city
San Antonio,78245,33579.027,,,,,2022-06-14,LHD,city
San Antonio,78247,18778.297,,,,,2022-06-14,LHD,city
San Antonio,78248,17113.977,,,,,2022-06-14,LHD,city
San Antonio,78249,20503.253,,,,,2022-06-14,LHD,city
San Antonio,78250,19303.053,,,,,2022-06-14,LHD,city
San Antonio,78251,22540.443,,,,,2022-06-14,LHD,city
San Antonio,78252,52643.85,,,,,2022-06-14,LHD,city
San Antonio,78254,29059.164,,,,,2022-06-14,LHD,city
San Antonio,78255,21146.712,,,,,2022-06-14,LHD,city
San Antonio,78256,24862.075,,,,,2022-06-14,LHD,city
San Antonio,78257,33112.231,,,,,2022-06-14,LHD,city
San Antonio,78258,22591.459,,,,,2022-06-14,LHD,city
San Antonio,78259,20901.359,,,,,2022-06-14,LHD,city
San Antonio,78260,28200.449,,,,,2022-06-14,LHD,city
San Antonio,78264,39386.237,,,,,2022-06-14,LHD,city
San Antonio,78266,3095.617,,,,,2022-06-14,LHD,city
San Francisco,94102,20769.623,,,,178.389,2022-06-14,LHD,city
San Francisco,94103,21743.804,,,,104.224,2022-06-14,LHD,city
San Francisco,94105,19622.572,,,,,2022-06-14,LHD,city
San Francisco,94107,16944.789,,,,41.321,2022-06-14,LHD,city
San Francisco,94108,11404.935,,,,148.483,2022-06-14,LHD,city
San Francisco,94109,14538.76,,,,123.905,2022-06-14,LHD,city
San Francisco,94110,18444.322,,,,103.62,2022-06-14,LHD,city
San Francisco,94111,16643.589,,,,,2022-06-14,LHD,city
San Francisco,94112,19377.383,,,,133.401,2022-06-14,LHD,city
San Francisco,94114,12578.04,,,,40.094,2022-06-14,LHD,city
San Francisco,94115,16021.269,,,,219.628,2022-06-14,LHD,city
San Francisco,94116,11462.426,,,,95.045,2022-06-14,LHD,city
San Francisco,94117,12671.892,,,,51.512,2022-06-14,LHD,city
San Francisco,94118,11889.773,,,,71.267,2022-06-14,LHD,city
San Francisco,94121,12029.989,,,,52.733,2022-06-14,LHD,city
San Francisco,94122,11109.323,,,,69.212,2022-06-14,LHD,city
San Francisco,94123,13858.633,,,,,2022-06-14,LHD,city
San Francisco,94124,30693.485,,,,195.821,2022-06-14,LHD,city
San Francisco,94127,12302.019,,,,,2022-06-14,LHD,city
San Francisco,94129,11170.213,,,,,2022-06-14,LHD,city
San Francisco,94130,15093.085,,,,,2022-06-14,LHD,city
San Francisco,94131,12749.382,,,,71.131,2022-06-14,LHD,city
San Francisco,94132,12263.011,,,,50.897,2022-06-14,LHD,city
San Francisco,94133,12807.882,,,,149.276,2022-06-14,LHD,city
San Francisco,94134,20927.436,,,,141.449,2022-06-14,LHD,city
San Francisco,94158,20023.655,,,,,2022-06-14,LHD,city
San Jose,95002,19633.731,473418.259,4.09,,,2022-06-09,LHD,city
San Jose,95008,15403.866,430953.803,3.71,,122.972,2022-06-09,LHD,city
San Jose,95013,,391486.575,7.43,,,2022-06-09,LHD,city
San Jose,95037,19717.66,373155.195,5.52,,132.708,2022-06-09,LHD,city
San Jose,95110,27985.749,473896.112,5.63,,130.47,2022-06-09,LHD,city
San Jose,95111,26854.278,376567.788,7.34,,132.622,2022-06-09,LHD,city
San Jose,95112,20849.135,407167.367,5.33,,88.385,2022-06-09,LHD,city
San Jose,95113,40436.64,437980.078,5.98,,,2022-06-09,LHD,city
San Jose,95116,25855.799,333020.453,8.5,,234.662,2022-06-09,LHD,city
San Jose,95117,19882.117,381425.065,5.1,,154.763,2022-06-09,LHD,city
San Jose,95118,18358.471,422534.998,4.16,,114.124,2022-06-09,LHD,city
San Jose,95119,21232.672,451878.26,5.11,,,2022-06-09,LHD,city
San Jose,95120,12551.807,373492.677,3.54,,60.333,2022-06-09,LHD,city
San Jose,95121,23548.533,385063.337,5.99,,202.499,2022-06-09,LHD,city
San Jose,95122,28768.197,360156.378,8.28,,187.096,2022-06-09,LHD,city
San Jose,95123,19807.754,366260.934,5.57,,103.249,2022-06-09,LHD,city
San Jose,95124,13815.956,454146.844,3.21,,101.059,2022-06-09,LHD,city
San Jose,95125,18098.015,438703.616,4.73,,165.554,2022-06-09,LHD,city
San Jose,95126,20143.07,452441.675,4.52,,80.097,2022-06-09,LHD,city
San Jose,95127,25027.167,356181.573,7.29,,175.078,2022-06-09,LHD,city
San Jose,95128,19361.731,422487.298,4.84,,148.749,2022-06-09,LHD,city
San Jose,95129,11290.607,407307.14,3.2,,125.815,2022-06-09,LHD,city
San Jose,95130,12660.3,382957.121,3.48,,,2022-06-09,LHD,city
San Jose,95131,15558.97,351052.768,4.31,,83.237,2022-06-09,LHD,city
San Jose,95132,15599.426,338206.074,4.81,,78.966,2022-06-09,LHD,city
San Jose,95133,19618.414,354633.241,5.86,,122.528,2022-06-09,LHD,city
San Jose,95134,13523.459,349016.628,3.93,,,2022-06-09,LHD,city
San Jose,95135,11187.826,335886.74,3.71,,127.186,2022-06-09,LHD,city
San Jose,95136,19890.05,383243.631,5.52,,117.954,2022-06-09,LHD,city
San Jose,95138,15729.902,353050.966,4.88,,,2022-06-09,LHD,city
San Jose,95139,16134.728,356957.282,5.06,,,2022-06-09,LHD,city
San Jose,95148,20297.06,368689.39,6.23,,132.579,2022-06-09,LHD,city
